Workbook

Sheet RFQ-Tracking
A7: RFQ | B7: RFQ versendet von: | C7: RFQ versendet am: | D7: Abgabefrist | E7: Status | F7: Bemerkung | G7: x | H7: ='RFQ-Supplier'!B3 -> Vergleichspreis | I7: ='RFQ-Supplier'!B4 -> Lieferant 1 | J7: ='RFQ-Supplier'!B5 -> Lieferant 2 | K7: ='RFQ-Supplier'!B6 -> Lieferant 3 | L7: ='RFQ-Supplier'!B7 -> Lieferant 4 | M7: Angefragt | N7: x | O7: ='RFQ-Supplier'!B3 -> Vergleichspreis | P7: ='RFQ-Supplier'!B4 -> Lieferant 1 | Q7: ='RFQ-Supplier'!B5 -> Lieferant 2 | R7: ='RFQ-Supplier'!B6 -> Lieferant 3 | S7: ='RFQ-Supplier'!B7 -> Lieferant 4 | T7: Status
A8: RFQ001 | Q8: =IF(J8>0,"Angebot offen","") | R8: =IF(K8>0,"Angebot offen","") | S8: =IF(L8>0,"Angebot offen","")
A9: RFQ002 | O9: =IF(H9>0,"Angebot offen","") | P9: =IF(I9>0,"Angebot offen","") | Q9: =IF(J9>0,"Angebot offen","") | R9: =IF(K9>0,"Angebot offen","") | S9: =IF(L9>0,"Angebot offen","")
A10: RFQ003 | O10: =IF(H10>0,"Angebot offen","") | P10: =IF(I10>0,"Angebot offen","") | Q10: =IF(J10>0,"Angebot offen","") | R10: =IF(K10>0,"Angebot offen","") | S10: =IF(L10>0,"Angebot offen","")
A11: RFQ004 | O11: =IF(H11>0,"Angebot offen","") | P11: =IF(I11>0,"Angebot offen","") | Q11: =IF(J11>0,"Angebot offen","") | R11: =IF(K11>0,"Angebot offen","") | S11: =IF(L11>0,"Angebot offen","")
A12: RFQ005 | O12: =IF(H12>0,"Angebot offen","") | P12: =IF(I12>0,"Angebot offen","") | Q12: =IF(J12>0,"Angebot offen","") | R12: =IF(K12>0,"Angebot offen","") | S12: =IF(L12>0,"Angebot offen","")
A13: RFQ006 | O13: =IF(H13>0,"Angebot offen","") | P13: =IF(I13>0,"Angebot offen","") | Q13: =IF(J13>0,"Angebot offen","") | R13: =IF(K13>0,"Angebot offen","") | S13: =IF(L13>0,"Angebot offen","")
A14: RFQ007 | O14: =IF(H14>0,"Angebot offen","") | P14: =IF(I14>0,"Angebot offen","") | Q14: =IF(J14>0,"Angebot offen","") | R14: =IF(K14>0,"Angebot offen","") | S14: =IF(L14>0,"Angebot offen","")
A15: RFQ008 | O15: =IF(H15>0,"Angebot offen","") | P15: =IF(I15>0,"Angebot offen","") | Q15: =IF(J15>0,"Angebot offen","") | R15: =IF(K15>0,"Angebot offen","") | S15: =IF(L15>0,"Angebot offen","")
A16: RFQ009 | O16: =IF(H16>0,"Angebot offen","") | P16: =IF(I16>0,"Angebot offen","") | Q16: =IF(J16>0,"Angebot offen","") | R16: =IF(K16>0,"Angebot offen","") | S16: =IF(L16>0,"Angebot offen","")
A17: RFQ010 | O17: =IF(H17>0,"Angebot offen","") | P17: =IF(I17>0,"Angebot offen","") | Q17: =IF(J17>0,"Angebot offen","") | R17: =IF(K17>0,"Angebot offen","") | S17: =IF(L17>0,"Angebot offen","")
A18: RFQ011 | O18: =IF(H18>0,"Angebot offen","") | P18: =IF(I18>0,"Angebot offen","") | Q18: =IF(J18>0,"Angebot offen","") | R18: =IF(K18>0,"Angebot offen","") | S18: =IF(L18>0,"Angebot offen","")
A19: RFQ012 | O19: =IF(H19>0,"Angebot offen","") | P19: =IF(I19>0,"Angebot offen","") | Q19: =IF(J19>0,"Angebot offen","") | R19: =IF(K19>0,"Angebot offen","") | S19: =IF(L19>0,"Angebot offen","")
A20: RFQ013 | O20: =IF(H20>0,"Angebot offen","") | P20: =IF(I20>0,"Angebot offen","") | Q20: =IF(J20>0,"Angebot offen","") | R20: =IF(K20>0,"Angebot offen","") | S20: =IF(L20>0,"Angebot offen","")
... A1000: RFQ993 | O1000: =IF(H1000>0,"Angebot offen","") | P1000: =IF(I1000>0,"Angebot offen","") | Q1000: =IF(J1000>0,"Angebot offen","") | R1000: =IF(K1000>0,"Angebot offen","") | S1000: =IF(L1000>0,"Angebot offen","")

Sheet Detailanalysis
Q2: Lieferantenauswahl
M3: =SUBTOTAL(9,M5:M1000) -> 0 | Q3: Lieferant 3
A4: Lft. Nr. | B4: Übertrack Master Mechanics | C4: Angebots Nr. | D4: Bearbeitungsprozess | E4: Stücklistenebene | F4: Artikelnummer | G4: Artikelbezeichnunge | H4: Vertragsmenge/ Anfragemenge | I4: Fertigungsmenge | J4: Abrufmenge | K4: Währung | L4: Mengeneinheit | M4: Vergleichsumsatz | N4: Vergleichslieferant | O4: Vergleichspreis | Q4: Angebotspreis Lieferantenauswahl | R4: Abw. zum Vergleichspreis in % | S4: Volumenabweichung zum Vergleichspreis | T4: Abw. zum Bestpreis in % | U4: Volumenabweichung zum Bestpreis | V4: Zielpreis | W4: Analyse Lieferantenspezifisch | X4: x | Y4: 1. Bestpreis | Z4: 1. Bestpreis- Anbieter | AA4: max. Savings | AB4: Bestpreis/ Max. Savings | AC4: x | AD4: Lieferantenauswahl | AE4: Anfragemenge | AF4: Mengeneinheit | AG4: Preis Serie | AH4: Abw. zum Vergleichspreis in % | AI4: Volumenabweichung zum Vergleichspreis | AJ4: Abw. zum Bestpreis in % | AK4: Volumenabweichung zum Bestpreis | AL4: Bemerkung
A5: =IF('Supplier selection'!A5="","",'Supplier selection'!A5) -> 1 | B5: =IF('Supplier selection'!B5="","",'Supplier selection'!B5) | C5: =IF('Supplier selection'!C5="","",'Supplier selection'!C5) -> RFQ001 | D5: =IF('Supplier selection'!D5="","",'Supplier selection'!D5) | E5: =IF('Supplier selection'!E5="","",'Supplier selection'!E5) | F5: =IF('Supplier selection'!F5="","",'Supplier selection'!F5) -> 111-1 | G5: =IF('Supplier selection'!G5="","",'Supplier selection'!G5) -> Test01 | H5: =IF('Supplier selection'!H5="","",'Supplier selection'!H5) -> 10 | ... O5: =IF('Supplier selection'!O5="","",'Supplier selection'!O5) -> 10 | Q5: =HLOOKUP($Q$3,'Supplier selection'!$AW$4:'Supplier selection'!$CT$1000,$A6,FALSE) -> 8 | R5: =IF(OR(Q5="",O5=""),"",(Q5-O5)/O5) -> -0.2 | S5: =IF(OR(H5="",O5="",Q5=""),"",(Q5*H5)-(H5*O5)) -> -20 | T5: =IF(OR(Y5="",Q5=""),"",(Q5-Y5)/Y5) -> 0 | U5: =IF(OR(Y5="",Q5="",H5=""),"",(Q5*H5)-(Y5*H5)) -> 0 | Y5: =IF('Supplier selection'!AQ5="","",'Supplier selection'!AQ5) -> 8 | Z5: =IF('Supplier selection'!AR5="","",'Supplier selection'!AR5) -> Lieferant 3 | AA5: =IF(OR(Y5="",O5="",H5=""),"",((H5*Y5)-(H5*O5))) -> -20 | AD5: =IF(AND('Supplier selection'!X5="",'Supplier selection'!AE5=""),"",IF('Supplier selection'!X5="",'Supplier selection'!AE5,'Supplier selection'!X5)) -> Lieferant 3 | AE5: =IF(AD5="","",J5) | AF5: =IF(AD5="","",L5) -> St | AG5: =IF(AND('Supplier selection'!AB5="",'Supplier selection'!AI5=""),"",IF('Supplier selection'!AB5="",'Supplier selection'!AI5,'Supplier selection'!AB5)) -> 8 | AH5: =IF(OR(AG5="",O5=""),"",(AG5-O5)/O5) -> -0.2 | AI5: =IF(OR(H5="",O5="",AG5=""),"",(AG5*H5)-(H5*O5)) -> -20 | AJ5: =IF(OR(AG5="",Y5=""),"",(AG5-Y5)/Y5) -> 0 | AK5: =IF(OR(H5="",Y5="",AG5=""),"",(AG5*H5)-(H5*Y5)) -> 0
A6: =IF('Supplier selection'!A6="","",'Supplier selection'!A6) -> 2 | B6: =IF('Supplier selection'!B6="","",'Supplier selection'!B6) | C6: =IF('Supplier selection'!C6="","",'Supplier selection'!C6) -> RFQ001 | D6: =IF('Supplier selection'!D6="","",'Supplier selection'!D6) | E6: =IF('Supplier selection'!E6="","",'Supplier selection'!E6) | F6: =IF('Supplier selection'!F6="","",'Supplier selection'!F6) -> 111-2 | G6: =IF('Supplier selection'!G6="","",'Supplier selection'!G6) -> Test01 | H6: =IF('Supplier selection'!H6="","",'Supplier selection'!H6) | ... O6: =IF('Supplier selection'!O6="","",'Supplier selection'!O6) | Q6: =HLOOKUP($Q$3,'Supplier selection'!$AW$4:'Supplier selection'!$CT$1000,$A7,FALSE) | R6: =IF(OR(Q6="",O6=""),"",(Q6-O6)/O6) | S6: =IF(OR(H6="",O6="",Q6=""),"",(Q6*H6)-(H6*O6)) | T6: =IF(OR(Y6="",Q6=""),"",(Q6-Y6)/Y6) | U6: =IF(OR(Y6="",Q6="",H6=""),"",(Q6*H6)-(Y6*H6)) | Y6: =IF('Supplier selection'!AQ6="","",'Supplier selection'!AQ6) | Z6: =IF('Supplier selection'!AR6="","",'Supplier selection'!AR6) | AA6: =IF(OR(Y6="",O6="",H6=""),"",((H6*Y6)-(H6*O6))) | AD6: =IF(AND('Supplier selection'!X6="",'Supplier selection'!AE6=""),"",IF('Supplier selection'!X6="",'Supplier selection'!AE6,'Supplier selection'!X6)) | AE6: =IF(AD6="","",J6) | AF6: =IF(AD6="","",L6) | AG6: =IF(AND('Supplier selection'!AB6="",'Supplier selection'!AI6=""),"",IF('Supplier selection'!AB6="",'Supplier selection'!AI6,'Supplier selection'!AB6)) | AH6: =IF(OR(AG6="",O6=""),"",(AG6-O6)/O6) | AI6: =IF(OR(H6="",O6="",AG6=""),"",(AG6*H6)-(H6*O6)) | AJ6: =IF(OR(AG6="",Y6=""),"",(AG6-Y6)/Y6) | AK6: =IF(OR(H6="",Y6="",AG6=""),"",(AG6*H6)-(H6*Y6))
A7: =IF('Supplier selection'!A7="","",'Supplier selection'!A7) -> 3 | B7: =IF('Supplier selection'!B7="","",'Supplier selection'!B7) | C7: =IF('Supplier selection'!C7="","",'Supplier selection'!C7) -> RFQ001 | D7: =IF('Supplier selection'!D7="","",'Supplier selection'!D7) | E7: =IF('Supplier selection'!E7="","",'Supplier selection'!E7) | F7: =IF('Supplier selection'!F7="","",'Supplier selection'!F7) -> 111-3 | G7: =IF('Supplier selection'!G7="","",'Supplier selection'!G7) -> Test01 | H7: =IF('Supplier selection'!H7="","",'Supplier selection'!H7) | ... O7: =IF('Supplier selection'!O7="","",'Supplier selection'!O7) | Q7: =HLOOKUP($Q$3,'Supplier selection'!$AW$4:'Supplier selection'!$CT$1000,$A8,FALSE) | R7: =IF(OR(Q7="",O7=""),"",(Q7-O7)/O7) | S7: =IF(OR(H7="",O7="",Q7=""),"",(Q7*H7)-(H7*O7)) | T7: =IF(OR(Y7="",Q7=""),"",(Q7-Y7)/Y7) | U7: =IF(OR(Y7="",Q7="",H7=""),"",(Q7*H7)-(Y7*H7)) | Y7: =IF('Supplier selection'!AQ7="","",'Supplier selection'!AQ7) | Z7: =IF('Supplier selection'!AR7="","",'Supplier selection'!AR7) | AA7: =IF(OR(Y7="",O7="",H7=""),"",((H7*Y7)-(H7*O7))) | AD7: =IF(AND('Supplier selection'!X7="",'Supplier selection'!AE7=""),"",IF('Supplier selection'!X7="",'Supplier selection'!AE7,'Supplier selection'!X7)) | AE7: =IF(AD7="","",J7) | AF7: =IF(AD7="","",L7) | AG7: =IF(AND('Supplier selection'!AB7="",'Supplier selection'!AI7=""),"",IF('Supplier selection'!AB7="",'Supplier selection'!AI7,'Supplier selection'!AB7)) | AH7: =IF(OR(AG7="",O7=""),"",(AG7-O7)/O7) | AI7: =IF(OR(H7="",O7="",AG7=""),"",(AG7*H7)-(H7*O7)) | AJ7: =IF(OR(AG7="",Y7=""),"",(AG7-Y7)/Y7) | AK7: =IF(OR(H7="",Y7="",AG7=""),"",(AG7*H7)-(H7*Y7))
A8: =IF('Supplier selection'!A8="","",'Supplier selection'!A8) -> 4 | B8: =IF('Supplier selection'!B8="","",'Supplier selection'!B8) | C8: =IF('Supplier selection'!C8="","",'Supplier selection'!C8) -> RFQ001 | D8: =IF('Supplier selection'!D8="","",'Supplier selection'!D8) | E8: =IF('Supplier selection'!E8="","",'Supplier selection'!E8) | F8: =IF('Supplier selection'!F8="","",'Supplier selection'!F8) -> 111-4 | G8: =IF('Supplier selection'!G8="","",'Supplier selection'!G8) -> Test01 | H8: =IF('Supplier selection'!H8="","",'Supplier selection'!H8) | ... O8: =IF('Supplier selection'!O8="","",'Supplier selection'!O8) | Q8: =HLOOKUP($Q$3,'Supplier selection'!$AW$4:'Supplier selection'!$CT$1000,$A9,FALSE) | R8: =IF(OR(Q8="",O8=""),"",(Q8-O8)/O8) | S8: =IF(OR(H8="",O8="",Q8=""),"",(Q8*H8)-(H8*O8)) | T8: =IF(OR(Y8="",Q8=""),"",(Q8-Y8)/Y8) | U8: =IF(OR(Y8="",Q8="",H8=""),"",(Q8*H8)-(Y8*H8)) | Y8: =IF('Supplier selection'!AQ8="","",'Supplier selection'!AQ8) | Z8: =IF('Supplier selection'!AR8="","",'Supplier selection'!AR8) | AA8: =IF(OR(Y8="",O8="",H8=""),"",((H8*Y8)-(H8*O8))) | AD8: =IF(AND('Supplier selection'!X8="",'Supplier selection'!AE8=""),"",IF('Supplier selection'!X8="",'Supplier selection'!AE8,'Supplier selection'!X8)) | AE8: =IF(AD8="","",J8) | AF8: =IF(AD8="","",L8) | AG8: =IF(AND('Supplier selection'!AB8="",'Supplier selection'!AI8=""),"",IF('Supplier selection'!AB8="",'Supplier selection'!AI8,'Supplier selection'!AB8)) | AH8: =IF(OR(AG8="",O8=""),"",(AG8-O8)/O8) | AI8: =IF(OR(H8="",O8="",AG8=""),"",(AG8*H8)-(H8*O8)) | AJ8: =IF(OR(AG8="",Y8=""),"",(AG8-Y8)/Y8) | AK8: =IF(OR(H8="",Y8="",AG8=""),"",(AG8*H8)-(H8*Y8))
A9: =IF('Supplier selection'!A9="","",'Supplier selection'!A9) -> 5 | B9: =IF('Supplier selection'!B9="","",'Supplier selection'!B9) | C9: =IF('Supplier selection'!C9="","",'Supplier selection'!C9) -> RFQ001 | D9: =IF('Supplier selection'!D9="","",'Supplier selection'!D9) | E9: =IF('Supplier selection'!E9="","",'Supplier selection'!E9) | F9: =IF('Supplier selection'!F9="","",'Supplier selection'!F9) -> 111-5 | G9: =IF('Supplier selection'!G9="","",'Supplier selection'!G9) -> Test01 | H9: =IF('Supplier selection'!H9="","",'Supplier selection'!H9) | ... O9: =IF('Supplier selection'!O9="","",'Supplier selection'!O9) | Q9: =HLOOKUP($Q$3,'Supplier selection'!$AW$4:'Supplier selection'!$CT$1000,$A10,FALSE) | R9: =IF(OR(Q9="",O9=""),"",(Q9-O9)/O9) | S9: =IF(OR(H9="",O9="",Q9=""),"",(Q9*H9)-(H9*O9)) | T9: =IF(OR(Y9="",Q9=""),"",(Q9-Y9)/Y9) | U9: =IF(OR(Y9="",Q9="",H9=""),"",(Q9*H9)-(Y9*H9)) | Y9: =IF('Supplier selection'!AQ9="","",'Supplier selection'!AQ9) | Z9: =IF('Supplier selection'!AR9="","",'Supplier selection'!AR9) | AA9: =IF(OR(Y9="",O9="",H9=""),"",((H9*Y9)-(H9*O9))) | AD9: =IF(AND('Supplier selection'!X9="",'Supplier selection'!AE9=""),"",IF('Supplier selection'!X9="",'Supplier selection'!AE9,'Supplier selection'!X9)) | AE9: =IF(AD9="","",J9) | AF9: =IF(AD9="","",L9) | AG9: =IF(AND('Supplier selection'!AB9="",'Supplier selection'!AI9=""),"",IF('Supplier selection'!AB9="",'Supplier selection'!AI9,'Supplier selection'!AB9)) | AH9: =IF(OR(AG9="",O9=""),"",(AG9-O9)/O9) | AI9: =IF(OR(H9="",O9="",AG9=""),"",(AG9*H9)-(H9*O9)) | AJ9: =IF(OR(AG9="",Y9=""),"",(AG9-Y9)/Y9) | AK9: =IF(OR(H9="",Y9="",AG9=""),"",(AG9*H9)-(H9*Y9))
A10: =IF('Supplier selection'!A10="","",'Supplier selection'!A10) -> 6 | B10: =IF('Supplier selection'!B10="","",'Supplier selection'!B10) | C10: =IF('Supplier selection'!C10="","",'Supplier selection'!C10) -> RFQ002 | D10: =IF('Supplier selection'!D10="","",'Supplier selection'!D10) | E10: =IF('Supplier selection'!E10="","",'Supplier selection'!E10) | F10: =IF('Supplier selection'!F10="","",'Supplier selection'!F10) -> 222-1 | G10: =IF('Supplier selection'!G10="","",'Supplier selection'!G10) -> Test02 | H10: =IF('Supplier selection'!H10="","",'Supplier selection'!H10) | ... O10: =IF('Supplier selection'!O10="","",'Supplier selection'!O10) | Q10: =HLOOKUP($Q$3,'Supplier selection'!$AW$4:'Supplier selection'!$CT$1000,$A11,FALSE) | R10: =IF(OR(Q10="",O10=""),"",(Q10-O10)/O10) | S10: =IF(OR(H10="",O10="",Q10=""),"",(Q10*H10)-(H10*O10)) | T10: =IF(OR(Y10="",Q10=""),"",(Q10-Y10)/Y10) | U10: =IF(OR(Y10="",Q10="",H10=""),"",(Q10*H10)-(Y10*H10)) | Y10: =IF('Supplier selection'!AQ10="","",'Supplier selection'!AQ10) | Z10: =IF('Supplier selection'!AR10="","",'Supplier selection'!AR10) | AA10: =IF(OR(Y10="",O10="",H10=""),"",((H10*Y10)-(H10*O10))) | AD10: =IF(AND('Supplier selection'!X10="",'Supplier selection'!AE10=""),"",IF('Supplier selection'!X10="",'Supplier selection'!AE10,'Supplier selection'!X10)) | AE10: =IF(AD10="","",J10) | AF10: =IF(AD10="","",L10) | AG10: =IF(AND('Supplier selection'!AB10="",'Supplier selection'!AI10=""),"",IF('Supplier selection'!AB10="",'Supplier selection'!AI10,'Supplier selection'!AB10)) | AH10: =IF(OR(AG10="",O10=""),"",(AG10-O10)/O10) | AI10: =IF(OR(H10="",O10="",AG10=""),"",(AG10*H10)-(H10*O10)) | AJ10: =IF(OR(AG10="",Y10=""),"",(AG10-Y10)/Y10) | AK10: =IF(OR(H10="",Y10="",AG10=""),"",(AG10*H10)-(H10*Y10))
A11: =IF('Supplier selection'!A11="","",'Supplier selection'!A11) -> 7 | B11: =IF('Supplier selection'!B11="","",'Supplier selection'!B11) | C11: =IF('Supplier selection'!C11="","",'Supplier selection'!C11) -> RFQ002 | D11: =IF('Supplier selection'!D11="","",'Supplier selection'!D11) | E11: =IF('Supplier selection'!E11="","",'Supplier selection'!E11) | F11: =IF('Supplier selection'!F11="","",'Supplier selection'!F11) -> 222-2 | G11: =IF('Supplier selection'!G11="","",'Supplier selection'!G11) -> Test02 | H11: =IF('Supplier selection'!H11="","",'Supplier selection'!H11) | ... O11: =IF('Supplier selection'!O11="","",'Supplier selection'!O11) | Q11: =HLOOKUP($Q$3,'Supplier selection'!$AW$4:'Supplier selection'!$CT$1000,$A12,FALSE) | R11: =IF(OR(Q11="",O11=""),"",(Q11-O11)/O11) | S11: =IF(OR(H11="",O11="",Q11=""),"",(Q11*H11)-(H11*O11)) | T11: =IF(OR(Y11="",Q11=""),"",(Q11-Y11)/Y11) | U11: =IF(OR(Y11="",Q11="",H11=""),"",(Q11*H11)-(Y11*H11)) | Y11: =IF('Supplier selection'!AQ11="","",'Supplier selection'!AQ11) | Z11: =IF('Supplier selection'!AR11="","",'Supplier selection'!AR11) | AA11: =IF(OR(Y11="",O11="",H11=""),"",((H11*Y11)-(H11*O11))) | AD11: =IF(AND('Supplier selection'!X11="",'Supplier selection'!AE11=""),"",IF('Supplier selection'!X11="",'Supplier selection'!AE11,'Supplier selection'!X11)) | AE11: =IF(AD11="","",J11) | AF11: =IF(AD11="","",L11) | AG11: =IF(AND('Supplier selection'!AB11="",'Supplier selection'!AI11=""),"",IF('Supplier selection'!AB11="",'Supplier selection'!AI11,'Supplier selection'!AB11)) | AH11: =IF(OR(AG11="",O11=""),"",(AG11-O11)/O11) | AI11: =IF(OR(H11="",O11="",AG11=""),"",(AG11*H11)-(H11*O11)) | AJ11: =IF(OR(AG11="",Y11=""),"",(AG11-Y11)/Y11) | AK11: =IF(OR(H11="",Y11="",AG11=""),"",(AG11*H11)-(H11*Y11))
A12: =IF('Supplier selection'!A12="","",'Supplier selection'!A12) -> 8 | B12: =IF('Supplier selection'!B12="","",'Supplier selection'!B12) | C12: =IF('Supplier selection'!C12="","",'Supplier selection'!C12) -> RFQ003 | D12: =IF('Supplier selection'!D12="","",'Supplier selection'!D12) | E12: =IF('Supplier selection'!E12="","",'Supplier selection'!E12) | F12: =IF('Supplier selection'!F12="","",'Supplier selection'!F12) -> 333-1 | G12: =IF('Supplier selection'!G12="","",'Supplier selection'!G12) -> Test03 | H12: =IF('Supplier selection'!H12="","",'Supplier selection'!H12) | ... O12: =IF('Supplier selection'!O12="","",'Supplier selection'!O12) | Q12: =HLOOKUP($Q$3,'Supplier selection'!$AW$4:'Supplier selection'!$CT$1000,$A13,FALSE) | R12: =IF(OR(Q12="",O12=""),"",(Q12-O12)/O12) | S12: =IF(OR(H12="",O12="",Q12=""),"",(Q12*H12)-(H12*O12)) | T12: =IF(OR(Y12="",Q12=""),"",(Q12-Y12)/Y12) | U12: =IF(OR(Y12="",Q12="",H12=""),"",(Q12*H12)-(Y12*H12)) | Y12: =IF('Supplier selection'!AQ12="","",'Supplier selection'!AQ12) | Z12: =IF('Supplier selection'!AR12="","",'Supplier selection'!AR12) | AA12: =IF(OR(Y12="",O12="",H12=""),"",((H12*Y12)-(H12*O12))) | AD12: =IF(AND('Supplier selection'!X12="",'Supplier selection'!AE12=""),"",IF('Supplier selection'!X12="",'Supplier selection'!AE12,'Supplier selection'!X12)) | AE12: =IF(AD12="","",J12) | AF12: =IF(AD12="","",L12) | AG12: =IF(AND('Supplier selection'!AB12="",'Supplier selection'!AI12=""),"",IF('Supplier selection'!AB12="",'Supplier selection'!AI12,'Supplier selection'!AB12)) | AH12: =IF(OR(AG12="",O12=""),"",(AG12-O12)/O12) | AI12: =IF(OR(H12="",O12="",AG12=""),"",(AG12*H12)-(H12*O12)) | AJ12: =IF(OR(AG12="",Y12=""),"",(AG12-Y12)/Y12) | AK12: =IF(OR(H12="",Y12="",AG12=""),"",(AG12*H12)-(H12*Y12))
A13: =IF('Supplier selection'!A13="","",'Supplier selection'!A13) -> 9 | B13: =IF('Supplier selection'!B13="","",'Supplier selection'!B13) | C13: =IF('Supplier selection'!C13="","",'Supplier selection'!C13) -> RFQ003 | D13: =IF('Supplier selection'!D13="","",'Supplier selection'!D13) | E13: =IF('Supplier selection'!E13="","",'Supplier selection'!E13) | F13: =IF('Supplier selection'!F13="","",'Supplier selection'!F13) -> 333-2 | G13: =IF('Supplier selection'!G13="","",'Supplier selection'!G13) -> Test03 | H13: =IF('Supplier selection'!H13="","",'Supplier selection'!H13) | ... O13: =IF('Supplier selection'!O13="","",'Supplier selection'!O13) | Q13: =HLOOKUP($Q$3,'Supplier selection'!$AW$4:'Supplier selection'!$CT$1000,$A14,FALSE) | R13: =IF(OR(Q13="",O13=""),"",(Q13-O13)/O13) | S13: =IF(OR(H13="",O13="",Q13=""),"",(Q13*H13)-(H13*O13)) | T13: =IF(OR(Y13="",Q13=""),"",(Q13-Y13)/Y13) | U13: =IF(OR(Y13="",Q13="",H13=""),"",(Q13*H13)-(Y13*H13)) | Y13: =IF('Supplier selection'!AQ13="","",'Supplier selection'!AQ13) | Z13: =IF('Supplier selection'!AR13="","",'Supplier selection'!AR13) | AA13: =IF(OR(Y13="",O13="",H13=""),"",((H13*Y13)-(H13*O13))) | AD13: =IF(AND('Supplier selection'!X13="",'Supplier selection'!AE13=""),"",IF('Supplier selection'!X13="",'Supplier selection'!AE13,'Supplier selection'!X13)) | AE13: =IF(AD13="","",J13) | AF13: =IF(AD13="","",L13) | AG13: =IF(AND('Supplier selection'!AB13="",'Supplier selection'!AI13=""),"",IF('Supplier selection'!AB13="",'Supplier selection'!AI13,'Supplier selection'!AB13)) | AH13: =IF(OR(AG13="",O13=""),"",(AG13-O13)/O13) | AI13: =IF(OR(H13="",O13="",AG13=""),"",(AG13*H13)-(H13*O13)) | AJ13: =IF(OR(AG13="",Y13=""),"",(AG13-Y13)/Y13) | AK13: =IF(OR(H13="",Y13="",AG13=""),"",(AG13*H13)-(H13*Y13))
A14: =IF('Supplier selection'!A14="","",'Supplier selection'!A14) -> 10 | B14: =IF('Supplier selection'!B14="","",'Supplier selection'!B14) | C14: =IF('Supplier selection'!C14="","",'Supplier selection'!C14) -> RFQ005 | D14: =IF('Supplier selection'!D14="","",'Supplier selection'!D14) | E14: =IF('Supplier selection'!E14="","",'Supplier selection'!E14) | F14: =IF('Supplier selection'!F14="","",'Supplier selection'!F14) -> 555-1 | G14: =IF('Supplier selection'!G14="","",'Supplier selection'!G14) -> Test05 | H14: =IF('Supplier selection'!H14="","",'Supplier selection'!H14) | ... O14: =IF('Supplier selection'!O14="","",'Supplier selection'!O14) | Q14: =HLOOKUP($Q$3,'Supplier selection'!$AW$4:'Supplier selection'!$CT$1000,$A15,FALSE) | R14: =IF(OR(Q14="",O14=""),"",(Q14-O14)/O14) | S14: =IF(OR(H14="",O14="",Q14=""),"",(Q14*H14)-(H14*O14)) | T14: =IF(OR(Y14="",Q14=""),"",(Q14-Y14)/Y14) | U14: =IF(OR(Y14="",Q14="",H14=""),"",(Q14*H14)-(Y14*H14)) | Y14: =IF('Supplier selection'!AQ14="","",'Supplier selection'!AQ14) | Z14: =IF('Supplier selection'!AR14="","",'Supplier selection'!AR14) | AA14: =IF(OR(Y14="",O14="",H14=""),"",((H14*Y14)-(H14*O14))) | AD14: =IF(AND('Supplier selection'!X14="",'Supplier selection'!AE14=""),"",IF('Supplier selection'!X14="",'Supplier selection'!AE14,'Supplier selection'!X14)) | AE14: =IF(AD14="","",J14) | AF14: =IF(AD14="","",L14) | AG14: =IF(AND('Supplier selection'!AB14="",'Supplier selection'!AI14=""),"",IF('Supplier selection'!AB14="",'Supplier selection'!AI14,'Supplier selection'!AB14)) | AH14: =IF(OR(AG14="",O14=""),"",(AG14-O14)/O14) | AI14: =IF(OR(H14="",O14="",AG14=""),"",(AG14*H14)-(H14*O14)) | AJ14: =IF(OR(AG14="",Y14=""),"",(AG14-Y14)/Y14) | AK14: =IF(OR(H14="",Y14="",AG14=""),"",(AG14*H14)-(H14*Y14))
A15: =IF('Supplier selection'!A15="","",'Supplier selection'!A15) -> 11 | B15: =IF('Supplier selection'!B15="","",'Supplier selection'!B15) | C15: =IF('Supplier selection'!C15="","",'Supplier selection'!C15) -> RFQ006 | D15: =IF('Supplier selection'!D15="","",'Supplier selection'!D15) | E15: =IF('Supplier selection'!E15="","",'Supplier selection'!E15) | F15: =IF('Supplier selection'!F15="","",'Supplier selection'!F15) -> 666-1 | G15: =IF('Supplier selection'!G15="","",'Supplier selection'!G15) -> Test06 | H15: =IF('Supplier selection'!H15="","",'Supplier selection'!H15) | ... O15: =IF('Supplier selection'!O15="","",'Supplier selection'!O15) | Q15: =HLOOKUP($Q$3,'Supplier selection'!$AW$4:'Supplier selection'!$CT$1000,$A16,FALSE) | R15: =IF(OR(Q15="",O15=""),"",(Q15-O15)/O15) | S15: =IF(OR(H15="",O15="",Q15=""),"",(Q15*H15)-(H15*O15)) | T15: =IF(OR(Y15="",Q15=""),"",(Q15-Y15)/Y15) | U15: =IF(OR(Y15="",Q15="",H15=""),"",(Q15*H15)-(Y15*H15)) | Y15: =IF('Supplier selection'!AQ15="","",'Supplier selection'!AQ15) | Z15: =IF('Supplier selection'!AR15="","",'Supplier selection'!AR15) | AA15: =IF(OR(Y15="",O15="",H15=""),"",((H15*Y15)-(H15*O15))) | AD15: =IF(AND('Supplier selection'!X15="",'Supplier selection'!AE15=""),"",IF('Supplier selection'!X15="",'Supplier selection'!AE15,'Supplier selection'!X15)) | AE15: =IF(AD15="","",J15) | AF15: =IF(AD15="","",L15) | AG15: =IF(AND('Supplier selection'!AB15="",'Supplier selection'!AI15=""),"",IF('Supplier selection'!AB15="",'Supplier selection'!AI15,'Supplier selection'!AB15)) | AH15: =IF(OR(AG15="",O15=""),"",(AG15-O15)/O15) | AI15: =IF(OR(H15="",O15="",AG15=""),"",(AG15*H15)-(H15*O15)) | AJ15: =IF(OR(AG15="",Y15=""),"",(AG15-Y15)/Y15) | AK15: =IF(OR(H15="",Y15="",AG15=""),"",(AG15*H15)-(H15*Y15))
A16: =IF('Supplier selection'!A16="","",'Supplier selection'!A16) -> 12 | B16: =IF('Supplier selection'!B16="","",'Supplier selection'!B16) | C16: =IF('Supplier selection'!C16="","",'Supplier selection'!C16) -> RFQ007 | D16: =IF('Supplier selection'!D16="","",'Supplier selection'!D16) | E16: =IF('Supplier selection'!E16="","",'Supplier selection'!E16) | F16: =IF('Supplier selection'!F16="","",'Supplier selection'!F16) -> 777-1 | G16: =IF('Supplier selection'!G16="","",'Supplier selection'!G16) -> Test07 | H16: =IF('Supplier selection'!H16="","",'Supplier selection'!H16) | ... O16: =IF('Supplier selection'!O16="","",'Supplier selection'!O16) | Q16: =HLOOKUP($Q$3,'Supplier selection'!$AW$4:'Supplier selection'!$CT$1000,$A17,FALSE) | R16: =IF(OR(Q16="",O16=""),"",(Q16-O16)/O16) | S16: =IF(OR(H16="",O16="",Q16=""),"",(Q16*H16)-(H16*O16)) | T16: =IF(OR(Y16="",Q16=""),"",(Q16-Y16)/Y16) | U16: =IF(OR(Y16="",Q16="",H16=""),"",(Q16*H16)-(Y16*H16)) | Y16: =IF('Supplier selection'!AQ16="","",'Supplier selection'!AQ16) | Z16: =IF('Supplier selection'!AR16="","",'Supplier selection'!AR16) | AA16: =IF(OR(Y16="",O16="",H16=""),"",((H16*Y16)-(H16*O16))) | AD16: =IF(AND('Supplier selection'!X16="",'Supplier selection'!AE16=""),"",IF('Supplier selection'!X16="",'Supplier selection'!AE16,'Supplier selection'!X16)) | AE16: =IF(AD16="","",J16) | AF16: =IF(AD16="","",L16) | AG16: =IF(AND('Supplier selection'!AB16="",'Supplier selection'!AI16=""),"",IF('Supplier selection'!AB16="",'Supplier selection'!AI16,'Supplier selection'!AB16)) | AH16: =IF(OR(AG16="",O16=""),"",(AG16-O16)/O16) | AI16: =IF(OR(H16="",O16="",AG16=""),"",(AG16*H16)-(H16*O16)) | AJ16: =IF(OR(AG16="",Y16=""),"",(AG16-Y16)/Y16) | AK16: =IF(OR(H16="",Y16="",AG16=""),"",(AG16*H16)-(H16*Y16))
... A1000: =IF('Supplier selection'!A1000="","",'Supplier selection'!A1000) -> 996 | B1000: =IF('Supplier selection'!B1000="","",'Supplier selection'!B1000) | C1000: =IF('Supplier selection'!C1000="","",'Supplier selection'!C1000) | D1000: =IF('Supplier selection'!D1000="","",'Supplier selection'!D1000) | E1000: =IF('Supplier selection'!E1000="","",'Supplier selection'!E1000) | F1000: =IF('Supplier selection'!F1000="","",'Supplier selection'!F1000) | G1000: =IF('Supplier selection'!G1000="","",'Supplier selection'!G1000) | H1000: =IF('Supplier selection'!H1000="","",'Supplier selection'!H1000) | ... O1000: =IF('Supplier selection'!O1000="","",'Supplier selection'!O1000) | Q1000: =HLOOKUP($Q$3,'Supplier selection'!$AW$4:'Supplier selection'!$CT$1000,$A1001,FALSE) -> #VALUE! | R1000: =IF(OR(Q1000="",O1000=""),"",(Q1000-O1000)/O1000) -> #VALUE! | S1000: =IF(OR(H1000="",O1000="",Q1000=""),"",(Q1000*H1000)-(H1000*O1000)) -> #VALUE! | T1000: =IF(OR(Y1000="",Q1000=""),"",(Q1000-Y1000)/Y1000) -> #VALUE! | U1000: =IF(OR(Y1000="",Q1000="",H1000=""),"",(Q1000*H1000)-(Y1000*H1000)) -> #VALUE! | Y1000: =IF('Supplier selection'!AQ1000="","",'Supplier selection'!AQ1000) | Z1000: =IF('Supplier selection'!AR1000="","",'Supplier selection'!AR1000) | AA1000: =IF(OR(Y1000="",O1000="",H1000=""),"",((H1000*Y1000)-(H1000*O1000))) | AD1000: =IF(AND('Supplier selection'!X1000="",'Supplier selection'!AE1000=""),"",IF('Supplier selection'!X1000="",'Supplier selection'!AE1000,'Supplier selection'!X1000)) | AE1000: =IF(AD1000="","",J1000) | AF1000: =IF(AD1000="","",L1000) | AG1000: =IF(AND('Supplier selection'!AB1000="",'Supplier selection'!AI1000=""),"",IF('Supplier selection'!AB1000="",'Supplier selection'!AI1000,'Supplier selection'!AB1000)) | AH1000: =IF(OR(AG1000="",O1000=""),"",(AG1000-O1000)/O1000) | AI1000: =IF(OR(H1000="",O1000="",AG1000=""),"",(AG1000*H1000)-(H1000*O1000)) | AJ1000: =IF(OR(AG1000="",Y1000=""),"",(AG1000-Y1000)/Y1000) | AK1000: =IF(OR(H1000="",Y1000="",AG1000=""),"",(AG1000*H1000)-(H1000*Y1000))

Sheet Supplier selection
A4: Lft. Nr. | B4: Übertrack Master Mechanics | C4: Angebots Nr. | D4: Bearbeitungsprozess | E4: Stücklistenebene | F4: Artikelnummer | G4: Artikelbezeichnunge | H4: Vertragsmenge/ Anfragemenge | I4: Fertigungsmenge | J4: Abrufmenge | K4: Währung | L4: Mengeneinheit | M4: Vergleichsumsatz | N4: Vergleichslieferant | O4: Vergleichspreis | P4: x | Q4: 1.Bestpreis | R4: 1.Bestpreis Lieferant | S4: 2. Bestpreis | T4: 2.Bestpreis Lieferant | U4: 3.Bestpreis | V4: 3. Bestpreis Lieferant | W4: x | X4: Lieferantenauswahl | Y4: Bestellnummer | Z4: Bestellmenge | AA4: Mengeneinheit | AB4: Preis | AC4: Lieferantenauswahl | AQ4: 1. Bestpreis | AR4: 1. Bestpreis Lieferant | AS4: 2. Bestpreis | AT4: 2. Bestpreis Lieferant | AU4: 3. Bestpreis | AV4: 3. Bestpreis Lieferant | AW4: Vergleichspreis | AX4: Lieferant 1 | AY4: Lieferant 2 | AZ4: Lieferant 3 | BA4: Lieferant 4
A5: 1 | C5: =IF('RFQ-Input'!C4="","",'RFQ-Input'!C4) -> RFQ001 | D5: =IF('RFQ-Input'!D4="","",'RFQ-Input'!D4) | E5: =IF('RFQ-Input'!E4="","",'RFQ-Input'!E4) | F5: =IF('RFQ-Input'!F4="","",'RFQ-Input'!F4) -> 111-1 | G5: =IF('RFQ-Input'!G4="","",'RFQ-Input'!G4) -> Test01 | H5: =IF('RFQ-Input'!H4="","",'RFQ-Input'!H4) -> 10 | I5: =IF('RFQ-Input'!I4="","",'RFQ-Input'!I4) | J5: =IF('RFQ-Input'!J4="","",'RFQ-Input'!J4) | ... O5: =IF('RFQ-Input'!O4="","",'RFQ-Input'!O4) -> 10 | X5: Lieferant 3 | AA5: =IF(AND(L5="",Y5=""),"",L5) -> St | AB5: =IF(X5="","",HLOOKUP(X5,$AW$4:$CT$5004,$A6,FALSE)) -> 8 | AQ5: =IFERROR(SMALL($AW5:$CT5,1),"") -> 8 | AR5: =IF(AQ5="","",INDEX($AW$4:$CT$4,MATCH(AQ5,$AW5:$CT5,0))) -> Lieferant 3 | AS5: =IFERROR(SMALL($AW5:$CT5,2),"") -> 10 | AT5: =IF(AS5="","",INDEX($AW$4:$CT$4,MATCH(AS5,$AW5:$CT5,0))) -> Vergleichspreis | AU5: =IFERROR(SMALL($AW5:$CT5,3),"") -> 11 | AV5: =IF(AU5="","",INDEX($AW$4:$CT$4,MATCH(AU5,$AW5:$CT5,0))) -> Lieferant 1 | AW5: =IF('RFQ-Input'!O4="","",'RFQ-Input'!O4) -> 10 | AX5: =IF('RFQ-Input'!S4="","",'RFQ-Input'!S4) -> 11 | AY5: =IF('RFQ-Input'!V4="","",'RFQ-Input'!V4) | AZ5: =IF('RFQ-Input'!Y4="","",'RFQ-Input'!Y4) -> 8 | BA5: =IF('RFQ-Input'!AB4="","",'RFQ-Input'!AB4)
A6: 2 | C6: =IF('RFQ-Input'!C5="","",'RFQ-Input'!C5) -> RFQ001 | D6: =IF('RFQ-Input'!D5="","",'RFQ-Input'!D5) | E6: =IF('RFQ-Input'!E5="","",'RFQ-Input'!E5) | F6: =IF('RFQ-Input'!F5="","",'RFQ-Input'!F5) -> 111-2 | G6: =IF('RFQ-Input'!G5="","",'RFQ-Input'!G5) -> Test01 | H6: =IF('RFQ-Input'!H5="","",'RFQ-Input'!H5) | I6: =IF('RFQ-Input'!I5="","",'RFQ-Input'!I5) | J6: =IF('RFQ-Input'!J5="","",'RFQ-Input'!J5) | ... O6: =IF('RFQ-Input'!O5="","",'RFQ-Input'!O5) | AA6: =IF(AND(L6="",Y6=""),"",L6) | AQ6: =IFERROR(SMALL($AW6:$CT6,1),"") | AR6: =IF(AQ6="","",INDEX($AW$4:$CT$4,MATCH(AQ6,$AW6:$CT6,0))) | AS6: =IFERROR(SMALL($AW6:$CT6,2),"") | AT6: =IF(AS6="","",INDEX($AW$4:$CT$4,MATCH(AS6,$AW6:$CT6,0))) | AU6: =IFERROR(SMALL($AW6:$CT6,3),"") | AV6: =IF(AU6="","",INDEX($AW$4:$CT$4,MATCH(AU6,$AW6:$CT6,0))) | AW6: =IF('RFQ-Input'!O5="","",'RFQ-Input'!O5) | AX6: =IF('RFQ-Input'!S5="","",'RFQ-Input'!S5) | AY6: =IF('RFQ-Input'!V5="","",'RFQ-Input'!V5) | AZ6: =IF('RFQ-Input'!Y5="","",'RFQ-Input'!Y5) | BA6: =IF('RFQ-Input'!AB5="","",'RFQ-Input'!AB5)
A7: 3 | C7: =IF('RFQ-Input'!C6="","",'RFQ-Input'!C6) -> RFQ001 | D7: =IF('RFQ-Input'!D6="","",'RFQ-Input'!D6) | E7: =IF('RFQ-Input'!E6="","",'RFQ-Input'!E6) | F7: =IF('RFQ-Input'!F6="","",'RFQ-Input'!F6) -> 111-3 | G7: =IF('RFQ-Input'!G6="","",'RFQ-Input'!G6) -> Test01 | H7: =IF('RFQ-Input'!H6="","",'RFQ-Input'!H6) | I7: =IF('RFQ-Input'!I6="","",'RFQ-Input'!I6) | J7: =IF('RFQ-Input'!J6="","",'RFQ-Input'!J6) | ... O7: =IF('RFQ-Input'!O6="","",'RFQ-Input'!O6) | AA7: =IF(AND(L7="",Y7=""),"",L7) | AQ7: =IFERROR(SMALL($AW7:$CT7,1),"") | AR7: =IF(AQ7="","",INDEX($AW$4:$CT$4,MATCH(AQ7,$AW7:$CT7,0))) | AS7: =IFERROR(SMALL($AW7:$CT7,2),"") | AT7: =IF(AS7="","",INDEX($AW$4:$CT$4,MATCH(AS7,$AW7:$CT7,0))) | AU7: =IFERROR(SMALL($AW7:$CT7,3),"") | AV7: =IF(AU7="","",INDEX($AW$4:$CT$4,MATCH(AU7,$AW7:$CT7,0))) | AW7: =IF('RFQ-Input'!O6="","",'RFQ-Input'!O6) | AX7: =IF('RFQ-Input'!S6="","",'RFQ-Input'!S6) | AY7: =IF('RFQ-Input'!V6="","",'RFQ-Input'!V6) | AZ7: =IF('RFQ-Input'!Y6="","",'RFQ-Input'!Y6) | BA7: =IF('RFQ-Input'!AB6="","",'RFQ-Input'!AB6)
A8: 4 | C8: =IF('RFQ-Input'!C7="","",'RFQ-Input'!C7) -> RFQ001 | D8: =IF('RFQ-Input'!D7="","",'RFQ-Input'!D7) | E8: =IF('RFQ-Input'!E7="","",'RFQ-Input'!E7) | F8: =IF('RFQ-Input'!F7="","",'RFQ-Input'!F7) -> 111-4 | G8: =IF('RFQ-Input'!G7="","",'RFQ-Input'!G7) -> Test01 | H8: =IF('RFQ-Input'!H7="","",'RFQ-Input'!H7) | I8: =IF('RFQ-Input'!I7="","",'RFQ-Input'!I7) | J8: =IF('RFQ-Input'!J7="","",'RFQ-Input'!J7) | ... O8: =IF('RFQ-Input'!O7="","",'RFQ-Input'!O7) | AA8: =IF(AND(L8="",Y8=""),"",L8) | AQ8: =IFERROR(SMALL($AW8:$CT8,1),"") | AR8: =IF(AQ8="","",INDEX($AW$4:$CT$4,MATCH(AQ8,$AW8:$CT8,0))) | AS8: =IFERROR(SMALL($AW8:$CT8,2),"") | AT8: =IF(AS8="","",INDEX($AW$4:$CT$4,MATCH(AS8,$AW8:$CT8,0))) | AU8: =IFERROR(SMALL($AW8:$CT8,3),"") | AV8: =IF(AU8="","",INDEX($AW$4:$CT$4,MATCH(AU8,$AW8:$CT8,0))) | AW8: =IF('RFQ-Input'!O7="","",'RFQ-Input'!O7) | AX8: =IF('RFQ-Input'!S7="","",'RFQ-Input'!S7) | AY8: =IF('RFQ-Input'!V7="","",'RFQ-Input'!V7) | AZ8: =IF('RFQ-Input'!Y7="","",'RFQ-Input'!Y7) | BA8: =IF('RFQ-Input'!AB7="","",'RFQ-Input'!AB7)
A9: 5 | C9: =IF('RFQ-Input'!C8="","",'RFQ-Input'!C8) -> RFQ001 | D9: =IF('RFQ-Input'!D8="","",'RFQ-Input'!D8) | E9: =IF('RFQ-Input'!E8="","",'RFQ-Input'!E8) | F9: =IF('RFQ-Input'!F8="","",'RFQ-Input'!F8) -> 111-5 | G9: =IF('RFQ-Input'!G8="","",'RFQ-Input'!G8) -> Test01 | H9: =IF('RFQ-Input'!H8="","",'RFQ-Input'!H8) | I9: =IF('RFQ-Input'!I8="","",'RFQ-Input'!I8) | J9: =IF('RFQ-Input'!J8="","",'RFQ-Input'!J8) | ... O9: =IF('RFQ-Input'!O8="","",'RFQ-Input'!O8) | AA9: =IF(AND(L9="",Y9=""),"",L9) | AQ9: =IFERROR(SMALL($AW9:$CT9,1),"") | AR9: =IF(AQ9="","",INDEX($AW$4:$CT$4,MATCH(AQ9,$AW9:$CT9,0))) | AS9: =IFERROR(SMALL($AW9:$CT9,2),"") | AT9: =IF(AS9="","",INDEX($AW$4:$CT$4,MATCH(AS9,$AW9:$CT9,0))) | AU9: =IFERROR(SMALL($AW9:$CT9,3),"") | AV9: =IF(AU9="","",INDEX($AW$4:$CT$4,MATCH(AU9,$AW9:$CT9,0))) | AW9: =IF('RFQ-Input'!O8="","",'RFQ-Input'!O8) | AX9: =IF('RFQ-Input'!S8="","",'RFQ-Input'!S8) | AY9: =IF('RFQ-Input'!V8="","",'RFQ-Input'!V8) | AZ9: =IF('RFQ-Input'!Y8="","",'RFQ-Input'!Y8) | BA9: =IF('RFQ-Input'!AB8="","",'RFQ-Input'!AB8)
A10: 6 | C10: =IF('RFQ-Input'!C9="","",'RFQ-Input'!C9) -> RFQ002 | D10: =IF('RFQ-Input'!D9="","",'RFQ-Input'!D9) | E10: =IF('RFQ-Input'!E9="","",'RFQ-Input'!E9) | F10: =IF('RFQ-Input'!F9="","",'RFQ-Input'!F9) -> 222-1 | G10: =IF('RFQ-Input'!G9="","",'RFQ-Input'!G9) -> Test02 | H10: =IF('RFQ-Input'!H9="","",'RFQ-Input'!H9) | I10: =IF('RFQ-Input'!I9="","",'RFQ-Input'!I9) | J10: =IF('RFQ-Input'!J9="","",'RFQ-Input'!J9) | ... O10: =IF('RFQ-Input'!O9="","",'RFQ-Input'!O9) | AA10: =IF(AND(L10="",Y10=""),"",L10) | AQ10: =IFERROR(SMALL($AW10:$CT10,1),"") | AR10: =IF(AQ10="","",INDEX($AW$4:$CT$4,MATCH(AQ10,$AW10:$CT10,0))) | AS10: =IFERROR(SMALL($AW10:$CT10,2),"") | AT10: =IF(AS10="","",INDEX($AW$4:$CT$4,MATCH(AS10,$AW10:$CT10,0))) | AU10: =IFERROR(SMALL($AW10:$CT10,3),"") | AV10: =IF(AU10="","",INDEX($AW$4:$CT$4,MATCH(AU10,$AW10:$CT10,0))) | AW10: =IF('RFQ-Input'!O9="","",'RFQ-Input'!O9) | AX10: =IF('RFQ-Input'!S9="","",'RFQ-Input'!S9) | AY10: =IF('RFQ-Input'!V9="","",'RFQ-Input'!V9) | AZ10: =IF('RFQ-Input'!Y9="","",'RFQ-Input'!Y9) | BA10: =IF('RFQ-Input'!AB9="","",'RFQ-Input'!AB9)
A11: 7 | C11: =IF('RFQ-Input'!C10="","",'RFQ-Input'!C10) -> RFQ002 | D11: =IF('RFQ-Input'!D10="","",'RFQ-Input'!D10) | E11: =IF('RFQ-Input'!E10="","",'RFQ-Input'!E10) | F11: =IF('RFQ-Input'!F10="","",'RFQ-Input'!F10) -> 222-2 | G11: =IF('RFQ-Input'!G10="","",'RFQ-Input'!G10) -> Test02 | H11: =IF('RFQ-Input'!H10="","",'RFQ-Input'!H10) | I11: =IF('RFQ-Input'!I10="","",'RFQ-Input'!I10) | J11: =IF('RFQ-Input'!J10="","",'RFQ-Input'!J10) | ... O11: =IF('RFQ-Input'!O10="","",'RFQ-Input'!O10) | AA11: =IF(AND(L11="",Y11=""),"",L11) | AQ11: =IFERROR(SMALL($AW11:$CT11,1),"") | AR11: =IF(AQ11="","",INDEX($AW$4:$CT$4,MATCH(AQ11,$AW11:$CT11,0))) | AS11: =IFERROR(SMALL($AW11:$CT11,2),"") | AT11: =IF(AS11="","",INDEX($AW$4:$CT$4,MATCH(AS11,$AW11:$CT11,0))) | AU11: =IFERROR(SMALL($AW11:$CT11,3),"") | AV11: =IF(AU11="","",INDEX($AW$4:$CT$4,MATCH(AU11,$AW11:$CT11,0))) | AW11: =IF('RFQ-Input'!O10="","",'RFQ-Input'!O10) | AX11: =IF('RFQ-Input'!S10="","",'RFQ-Input'!S10) | AY11: =IF('RFQ-Input'!V10="","",'RFQ-Input'!V10) | AZ11: =IF('RFQ-Input'!Y10="","",'RFQ-Input'!Y10) | BA11: =IF('RFQ-Input'!AB10="","",'RFQ-Input'!AB10)
A12: 8 | C12: =IF('RFQ-Input'!C11="","",'RFQ-Input'!C11) -> RFQ003 | D12: =IF('RFQ-Input'!D11="","",'RFQ-Input'!D11) | E12: =IF('RFQ-Input'!E11="","",'RFQ-Input'!E11) | F12: =IF('RFQ-Input'!F11="","",'RFQ-Input'!F11) -> 333-1 | G12: =IF('RFQ-Input'!G11="","",'RFQ-Input'!G11) -> Test03 | H12: =IF('RFQ-Input'!H11="","",'RFQ-Input'!H11) | I12: =IF('RFQ-Input'!I11="","",'RFQ-Input'!I11) | J12: =IF('RFQ-Input'!J11="","",'RFQ-Input'!J11) | ... O12: =IF('RFQ-Input'!O11="","",'RFQ-Input'!O11) | AA12: =IF(AND(L12="",Y12=""),"",L12) | AQ12: =IFERROR(SMALL($AW12:$CT12,1),"") | AR12: =IF(AQ12="","",INDEX($AW$4:$CT$4,MATCH(AQ12,$AW12:$CT12,0))) | AS12: =IFERROR(SMALL($AW12:$CT12,2),"") | AT12: =IF(AS12="","",INDEX($AW$4:$CT$4,MATCH(AS12,$AW12:$CT12,0))) | AU12: =IFERROR(SMALL($AW12:$CT12,3),"") | AV12: =IF(AU12="","",INDEX($AW$4:$CT$4,MATCH(AU12,$AW12:$CT12,0))) | AW12: =IF('RFQ-Input'!O11="","",'RFQ-Input'!O11) | AX12: =IF('RFQ-Input'!S11="","",'RFQ-Input'!S11) | AY12: =IF('RFQ-Input'!V11="","",'RFQ-Input'!V11) | AZ12: =IF('RFQ-Input'!Y11="","",'RFQ-Input'!Y11) | BA12: =IF('RFQ-Input'!AB11="","",'RFQ-Input'!AB11)
A13: 9 | C13: =IF('RFQ-Input'!C12="","",'RFQ-Input'!C12) -> RFQ003 | D13: =IF('RFQ-Input'!D12="","",'RFQ-Input'!D12) | E13: =IF('RFQ-Input'!E12="","",'RFQ-Input'!E12) | F13: =IF('RFQ-Input'!F12="","",'RFQ-Input'!F12) -> 333-2 | G13: =IF('RFQ-Input'!G12="","",'RFQ-Input'!G12) -> Test03 | H13: =IF('RFQ-Input'!H12="","",'RFQ-Input'!H12) | I13: =IF('RFQ-Input'!I12="","",'RFQ-Input'!I12) | J13: =IF('RFQ-Input'!J12="","",'RFQ-Input'!J12) | ... O13: =IF('RFQ-Input'!O12="","",'RFQ-Input'!O12) | AA13: =IF(AND(L13="",Y13=""),"",L13) | AQ13: =IFERROR(SMALL($AW13:$CT13,1),"") | AR13: =IF(AQ13="","",INDEX($AW$4:$CT$4,MATCH(AQ13,$AW13:$CT13,0))) | AS13: =IFERROR(SMALL($AW13:$CT13,2),"") | AT13: =IF(AS13="","",INDEX($AW$4:$CT$4,MATCH(AS13,$AW13:$CT13,0))) | AU13: =IFERROR(SMALL($AW13:$CT13,3),"") | AV13: =IF(AU13="","",INDEX($AW$4:$CT$4,MATCH(AU13,$AW13:$CT13,0))) | AW13: =IF('RFQ-Input'!O12="","",'RFQ-Input'!O12) | AX13: =IF('RFQ-Input'!S12="","",'RFQ-Input'!S12) | AY13: =IF('RFQ-Input'!V12="","",'RFQ-Input'!V12) | AZ13: =IF('RFQ-Input'!Y12="","",'RFQ-Input'!Y12) | BA13: =IF('RFQ-Input'!AB12="","",'RFQ-Input'!AB12)
A14: 10 | C14: =IF('RFQ-Input'!C13="","",'RFQ-Input'!C13) -> RFQ005 | D14: =IF('RFQ-Input'!D13="","",'RFQ-Input'!D13) | E14: =IF('RFQ-Input'!E13="","",'RFQ-Input'!E13) | F14: =IF('RFQ-Input'!F13="","",'RFQ-Input'!F13) -> 555-1 | G14: =IF('RFQ-Input'!G13="","",'RFQ-Input'!G13) -> Test05 | H14: =IF('RFQ-Input'!H13="","",'RFQ-Input'!H13) | I14: =IF('RFQ-Input'!I13="","",'RFQ-Input'!I13) | J14: =IF('RFQ-Input'!J13="","",'RFQ-Input'!J13) | ... O14: =IF('RFQ-Input'!O13="","",'RFQ-Input'!O13) | AA14: =IF(AND(L14="",Y14=""),"",L14) | AQ14: =IFERROR(SMALL($AW14:$CT14,1),"") | AR14: =IF(AQ14="","",INDEX($AW$4:$CT$4,MATCH(AQ14,$AW14:$CT14,0))) | AS14: =IFERROR(SMALL($AW14:$CT14,2),"") | AT14: =IF(AS14="","",INDEX($AW$4:$CT$4,MATCH(AS14,$AW14:$CT14,0))) | AU14: =IFERROR(SMALL($AW14:$CT14,3),"") | AV14: =IF(AU14="","",INDEX($AW$4:$CT$4,MATCH(AU14,$AW14:$CT14,0))) | AW14: =IF('RFQ-Input'!O13="","",'RFQ-Input'!O13) | AX14: =IF('RFQ-Input'!S13="","",'RFQ-Input'!S13) | AY14: =IF('RFQ-Input'!V13="","",'RFQ-Input'!V13) | AZ14: =IF('RFQ-Input'!Y13="","",'RFQ-Input'!Y13) | BA14: =IF('RFQ-Input'!AB13="","",'RFQ-Input'!AB13)
A15: 11 | C15: =IF('RFQ-Input'!C14="","",'RFQ-Input'!C14) -> RFQ006 | D15: =IF('RFQ-Input'!D14="","",'RFQ-Input'!D14) | E15: =IF('RFQ-Input'!E14="","",'RFQ-Input'!E14) | F15: =IF('RFQ-Input'!F14="","",'RFQ-Input'!F14) -> 666-1 | G15: =IF('RFQ-Input'!G14="","",'RFQ-Input'!G14) -> Test06 | H15: =IF('RFQ-Input'!H14="","",'RFQ-Input'!H14) | I15: =IF('RFQ-Input'!I14="","",'RFQ-Input'!I14) | J15: =IF('RFQ-Input'!J14="","",'RFQ-Input'!J14) | ... O15: =IF('RFQ-Input'!O14="","",'RFQ-Input'!O14) | AA15: =IF(AND(L15="",Y15=""),"",L15) | AQ15: =IFERROR(SMALL($AW15:$CT15,1),"") | AR15: =IF(AQ15="","",INDEX($AW$4:$CT$4,MATCH(AQ15,$AW15:$CT15,0))) | AS15: =IFERROR(SMALL($AW15:$CT15,2),"") | AT15: =IF(AS15="","",INDEX($AW$4:$CT$4,MATCH(AS15,$AW15:$CT15,0))) | AU15: =IFERROR(SMALL($AW15:$CT15,3),"") | AV15: =IF(AU15="","",INDEX($AW$4:$CT$4,MATCH(AU15,$AW15:$CT15,0))) | AW15: =IF('RFQ-Input'!O14="","",'RFQ-Input'!O14) | AX15: =IF('RFQ-Input'!S14="","",'RFQ-Input'!S14) | AY15: =IF('RFQ-Input'!V14="","",'RFQ-Input'!V14) | AZ15: =IF('RFQ-Input'!Y14="","",'RFQ-Input'!Y14) | BA15: =IF('RFQ-Input'!AB14="","",'RFQ-Input'!AB14)
A16: 12 | C16: =IF('RFQ-Input'!C15="","",'RFQ-Input'!C15) -> RFQ007 | D16: =IF('RFQ-Input'!D15="","",'RFQ-Input'!D15) | E16: =IF('RFQ-Input'!E15="","",'RFQ-Input'!E15) | F16: =IF('RFQ-Input'!F15="","",'RFQ-Input'!F15) -> 777-1 | G16: =IF('RFQ-Input'!G15="","",'RFQ-Input'!G15) -> Test07 | H16: =IF('RFQ-Input'!H15="","",'RFQ-Input'!H15) | I16: =IF('RFQ-Input'!I15="","",'RFQ-Input'!I15) | J16: =IF('RFQ-Input'!J15="","",'RFQ-Input'!J15) | ... O16: =IF('RFQ-Input'!O15="","",'RFQ-Input'!O15) | AA16: =IF(AND(L16="",Y16=""),"",L16) | AQ16: =IFERROR(SMALL($AW16:$CT16,1),"") | AR16: =IF(AQ16="","",INDEX($AW$4:$CT$4,MATCH(AQ16,$AW16:$CT16,0))) | AS16: =IFERROR(SMALL($AW16:$CT16,2),"") | AT16: =IF(AS16="","",INDEX($AW$4:$CT$4,MATCH(AS16,$AW16:$CT16,0))) | AU16: =IFERROR(SMALL($AW16:$CT16,3),"") | AV16: =IF(AU16="","",INDEX($AW$4:$CT$4,MATCH(AU16,$AW16:$CT16,0))) | AW16: =IF('RFQ-Input'!O15="","",'RFQ-Input'!O15) | AX16: =IF('RFQ-Input'!S15="","",'RFQ-Input'!S15) | AY16: =IF('RFQ-Input'!V15="","",'RFQ-Input'!V15) | AZ16: =IF('RFQ-Input'!Y15="","",'RFQ-Input'!Y15) | BA16: =IF('RFQ-Input'!AB15="","",'RFQ-Input'!AB15)
A17: 13 | C17: =IF('RFQ-Input'!C16="","",'RFQ-Input'!C16) -> RFQ008 | D17: =IF('RFQ-Input'!D16="","",'RFQ-Input'!D16) | E17: =IF('RFQ-Input'!E16="","",'RFQ-Input'!E16) | F17: =IF('RFQ-Input'!F16="","",'RFQ-Input'!F16) -> 888-1 | G17: =IF('RFQ-Input'!G16="","",'RFQ-Input'!G16) -> Test08 | H17: =IF('RFQ-Input'!H16="","",'RFQ-Input'!H16) | I17: =IF('RFQ-Input'!I16="","",'RFQ-Input'!I16) | J17: =IF('RFQ-Input'!J16="","",'RFQ-Input'!J16) | ... O17: =IF('RFQ-Input'!O16="","",'RFQ-Input'!O16) | AA17: =IF(AND(L17="",Y17=""),"",L17) | AQ17: =IFERROR(SMALL($AW17:$CT17,1),"") | AR17: =IF(AQ17="","",INDEX($AW$4:$CT$4,MATCH(AQ17,$AW17:$CT17,0))) | AS17: =IFERROR(SMALL($AW17:$CT17,2),"") | AT17: =IF(AS17="","",INDEX($AW$4:$CT$4,MATCH(AS17,$AW17:$CT17,0))) | AU17: =IFERROR(SMALL($AW17:$CT17,3),"") | AV17: =IF(AU17="","",INDEX($AW$4:$CT$4,MATCH(AU17,$AW17:$CT17,0))) | AW17: =IF('RFQ-Input'!O16="","",'RFQ-Input'!O16) | AX17: =IF('RFQ-Input'!S16="","",'RFQ-Input'!S16) | AY17: =IF('RFQ-Input'!V16="","",'RFQ-Input'!V16) | AZ17: =IF('RFQ-Input'!Y16="","",'RFQ-Input'!Y16) | BA17: =IF('RFQ-Input'!AB16="","",'RFQ-Input'!AB16)
... A1000: 996 | C1000: =IF('RFQ-Input'!C999="","",'RFQ-Input'!C999) | D1000: =IF('RFQ-Input'!D999="","",'RFQ-Input'!D999) | E1000: =IF('RFQ-Input'!E999="","",'RFQ-Input'!E999) | F1000: =IF('RFQ-Input'!F999="","",'RFQ-Input'!F999) | G1000: =IF('RFQ-Input'!G999="","",'RFQ-Input'!G999) | H1000: =IF('RFQ-Input'!H999="","",'RFQ-Input'!H999) | I1000: =IF('RFQ-Input'!I999="","",'RFQ-Input'!I999) | J1000: =IF('RFQ-Input'!J999="","",'RFQ-Input'!J999) | ... O1000: =IF('RFQ-Input'!O999="","",'RFQ-Input'!O999) | AA1000: =IF(AND(L1000="",Y1000=""),"",L1000) | AQ1000: =IFERROR(SMALL($AW1000:$CT1000,1),"") | AR1000: =IF(AQ1000="","",INDEX($AW$4:$CT$4,MATCH(AQ1000,$AW1000:$CT1000,0))) | AS1000: =IFERROR(SMALL($AW1000:$CT1000,2),"") | AT1000: =IF(AS1000="","",INDEX($AW$4:$CT$4,MATCH(AS1000,$AW1000:$CT1000,0))) | AU1000: =IFERROR(SMALL($AW1000:$CT1000,3),"") | AV1000: =IF(AU1000="","",INDEX($AW$4:$CT$4,MATCH(AU1000,$AW1000:$CT1000,0))) | AW1000: =IF('RFQ-Input'!O999="","",'RFQ-Input'!O999) | AX1000: =IF('RFQ-Input'!S999="","",'RFQ-Input'!S999) | AY1000: =IF('RFQ-Input'!V999="","",'RFQ-Input'!V999) | AZ1000: =IF('RFQ-Input'!Y999="","",'RFQ-Input'!Y999) | BA1000: =IF('RFQ-Input'!AB999="","",'RFQ-Input'!AB999)

Sheet RFQ-Input
Q1: Lieferant 1 | T1: Lieferant 2 | W1: Lieferant 3 | Z1: Lieferant 4
F2: Auswahl RFQ | G2: RFQ003
A3: Lft. Nr. | B3: Übertrack Master Mechanics | C3: Angebots Nr. | D3: Bearbeitungsprozess | E3: Stücklistenebene | F3: Artikelnummer | G3: Artikelbezeichnung | H3: Vertragsmenge/ Anfragemenge | I3: Fertigungsmenge | J3: Abrufmenge | K3: Währung | L3: Mengeneinheit | M3: Vergleichsumsatz | N3: Vergleichslieferant | O3: Vergleichspreis | P3: RFQ-Input | Q3: Nettopreis [Währung/Einheit] | R3: NRC-Kosten [Einmalkosten] | S3: Kosten | T3: Nettopreis [Währung/Einheit] | U3: NRC-Kosten [Einmalkosten] | V3: Kosten | W3: Nettopreis [Währung/Einheit] | X3: NRC-Kosten [Einmalkosten] | Y3: Kosten | Z3: Nettopreis [Währung/Einheit] | AA3: NRC-Kosten [Einmalkosten] | AB3: Kosten
A4: 1 | C4: RFQ001 | F4: 111-1 | G4: Test01 | H4: 10 | K4: EUR | L4: St | O4: 10 | Q4: 11 | S4: =IF(OR($H4="",Q4=""),"",Q4+(R4/$H4)) -> 11 | V4: =IF(OR($H4="",T4=""),"",T4+(U4/$H4)) | W4: 8 | Y4: =IF(OR($H4="",W4=""),"",W4+(X4/$H4)) -> 8 | AB4: =IF(OR($H4="",Z4=""),"",Z4+(AA4/$H4))
A5: 2 | C5: RFQ001 | F5: 111-2 | G5: Test01 | S5: =IF(OR($H5="",Q5=""),"",Q5+(R5/$H5)) | V5: =IF(OR($H5="",T5=""),"",T5+(U5/$H5)) | Y5: =IF(OR($H5="",W5=""),"",W5+(X5/$H5)) | AB5: =IF(OR($H5="",Z5=""),"",Z5+(AA5/$H5))
A6: 3 | C6: RFQ001 | F6: 111-3 | G6: Test01 | S6: =IF(OR($H6="",Q6=""),"",Q6+(R6/$H6)) | V6: =IF(OR($H6="",T6=""),"",T6+(U6/$H6)) | Y6: =IF(OR($H6="",W6=""),"",W6+(X6/$H6)) | AB6: =IF(OR($H6="",Z6=""),"",Z6+(AA6/$H6))
A7: 4 | C7: RFQ001 | F7: 111-4 | G7: Test01 | S7: =IF(OR($H7="",Q7=""),"",Q7+(R7/$H7)) | V7: =IF(OR($H7="",T7=""),"",T7+(U7/$H7)) | Y7: =IF(OR($H7="",W7=""),"",W7+(X7/$H7)) | AB7: =IF(OR($H7="",Z7=""),"",Z7+(AA7/$H7))
A8: 5 | C8: RFQ001 | F8: 111-5 | G8: Test01 | S8: =IF(OR($H8="",Q8=""),"",Q8+(R8/$H8)) | V8: =IF(OR($H8="",T8=""),"",T8+(U8/$H8)) | Y8: =IF(OR($H8="",W8=""),"",W8+(X8/$H8)) | AB8: =IF(OR($H8="",Z8=""),"",Z8+(AA8/$H8))
A9: 6 | C9: RFQ002 | F9: 222-1 | G9: Test02 | S9: =IF(OR($H9="",Q9=""),"",Q9+(R9/$H9)) | V9: =IF(OR($H9="",T9=""),"",T9+(U9/$H9)) | Y9: =IF(OR($H9="",W9=""),"",W9+(X9/$H9)) | AB9: =IF(OR($H9="",Z9=""),"",Z9+(AA9/$H9))
A10: 7 | C10: RFQ002 | F10: 222-2 | G10: Test02 | S10: =IF(OR($H10="",Q10=""),"",Q10+(R10/$H10)) | V10: =IF(OR($H10="",T10=""),"",T10+(U10/$H10)) | Y10: =IF(OR($H10="",W10=""),"",W10+(X10/$H10)) | AB10: =IF(OR($H10="",Z10=""),"",Z10+(AA10/$H10))
A11: 8 | C11: RFQ003 | F11: 333-1 | G11: Test03 | S11: =IF(OR($H11="",Q11=""),"",Q11+(R11/$H11)) | V11: =IF(OR($H11="",T11=""),"",T11+(U11/$H11)) | Y11: =IF(OR($H11="",W11=""),"",W11+(X11/$H11)) | AB11: =IF(OR($H11="",Z11=""),"",Z11+(AA11/$H11))
A12: 9 | C12: RFQ003 | F12: 333-2 | G12: Test03 | S12: =IF(OR($H12="",Q12=""),"",Q12+(R12/$H12)) | V12: =IF(OR($H12="",T12=""),"",T12+(U12/$H12)) | Y12: =IF(OR($H12="",W12=""),"",W12+(X12/$H12)) | AB12: =IF(OR($H12="",Z12=""),"",Z12+(AA12/$H12))
A13: 10 | C13: RFQ005 | F13: 555-1 | G13: Test05 | S13: =IF(OR($H13="",Q13=""),"",Q13+(R13/$H13)) | V13: =IF(OR($H13="",T13=""),"",T13+(U13/$H13)) | Y13: =IF(OR($H13="",W13=""),"",W13+(X13/$H13)) | AB13: =IF(OR($H13="",Z13=""),"",Z13+(AA13/$H13))
A14: 11 | C14: RFQ006 | F14: 666-1 | G14: Test06 | S14: =IF(OR($H14="",Q14=""),"",Q14+(R14/$H14)) | V14: =IF(OR($H14="",T14=""),"",T14+(U14/$H14)) | Y14: =IF(OR($H14="",W14=""),"",W14+(X14/$H14)) | AB14: =IF(OR($H14="",Z14=""),"",Z14+(AA14/$H14))
A15: 12 | C15: RFQ007 | F15: 777-1 | G15: Test07 | S15: =IF(OR($H15="",Q15=""),"",Q15+(R15/$H15)) | V15: =IF(OR($H15="",T15=""),"",T15+(U15/$H15)) | Y15: =IF(OR($H15="",W15=""),"",W15+(X15/$H15)) | AB15: =IF(OR($H15="",Z15=""),"",Z15+(AA15/$H15))
A16: 13 | C16: RFQ008 | F16: 888-1 | G16: Test08 | S16: =IF(OR($H16="",Q16=""),"",Q16+(R16/$H16)) | V16: =IF(OR($H16="",T16=""),"",T16+(U16/$H16)) | Y16: =IF(OR($H16="",W16=""),"",W16+(X16/$H16)) | AB16: =IF(OR($H16="",Z16=""),"",Z16+(AA16/$H16))
... A18: 15 | C18: RFQ009 | F18: 678-3 | G18: Test09 | S18: =IF(OR($H18="",Q18=""),"",Q18+(R18/$H18)) | V18: =IF(OR($H18="",T18=""),"",T18+(U18/$H18)) | Y18: =IF(OR($H18="",W18=""),"",W18+(X18/$H18)) | AB18: =IF(OR($H18="",Z18=""),"",Z18+(AA18/$H18))
A19: 16 | S19: =IF(OR($H19="",Q19=""),"",Q19+(R19/$H19)) | V19: =IF(OR($H19="",T19=""),"",T19+(U19/$H19)) | Y19: =IF(OR($H19="",W19=""),"",W19+(X19/$H19)) | AB19: =IF(OR($H19="",Z19=""),"",Z19+(AA19/$H19))
A20: 17 | S20: =IF(OR($H20="",Q20=""),"",Q20+(R20/$H20)) | V20: =IF(OR($H20="",T20=""),"",T20+(U20/$H20)) | Y20: =IF(OR($H20="",W20=""),"",W20+(X20/$H20)) | AB20: =IF(OR($H20="",Z20=""),"",Z20+(AA20/$H20))
A21: 18 | S21: =IF(OR($H21="",Q21=""),"",Q21+(R21/$H21)) | V21: =IF(OR($H21="",T21=""),"",T21+(U21/$H21)) | Y21: =IF(OR($H21="",W21=""),"",W21+(X21/$H21)) | AB21: =IF(OR($H21="",Z21=""),"",Z21+(AA21/$H21))
A22: 19 | S22: =IF(OR($H22="",Q22=""),"",Q22+(R22/$H22)) | V22: =IF(OR($H22="",T22=""),"",T22+(U22/$H22)) | Y22: =IF(OR($H22="",W22=""),"",W22+(X22/$H22)) | AB22: =IF(OR($H22="",Z22=""),"",Z22+(AA22/$H22))
A23: 20 | S23: =IF(OR($H23="",Q23=""),"",Q23+(R23/$H23)) | V23: =IF(OR($H23="",T23=""),"",T23+(U23/$H23)) | Y23: =IF(OR($H23="",W23=""),"",W23+(X23/$H23)) | AB23: =IF(OR($H23="",Z23=""),"",Z23+(AA23/$H23))
A24: 21 | S24: =IF(OR($H24="",Q24=""),"",Q24+(R24/$H24)) | V24: =IF(OR($H24="",T24=""),"",T24+(U24/$H24)) | Y24: =IF(OR($H24="",W24=""),"",W24+(X24/$H24)) | AB24: =IF(OR($H24="",Z24=""),"",Z24+(AA24/$H24))
A25: 22 | S25: =IF(OR($H25="",Q25=""),"",Q25+(R25/$H25)) | V25: =IF(OR($H25="",T25=""),"",T25+(U25/$H25)) | Y25: =IF(OR($H25="",W25=""),"",W25+(X25/$H25)) | AB25: =IF(OR($H25="",Z25=""),"",Z25+(AA25/$H25))
A26: 23 | S26: =IF(OR($H26="",Q26=""),"",Q26+(R26/$H26)) | V26: =IF(OR($H26="",T26=""),"",T26+(U26/$H26)) | Y26: =IF(OR($H26="",W26=""),"",W26+(X26/$H26)) | AB26: =IF(OR($H26="",Z26=""),"",Z26+(AA26/$H26))
A27: 24 | S27: =IF(OR($H27="",Q27=""),"",Q27+(R27/$H27)) | V27: =IF(OR($H27="",T27=""),"",T27+(U27/$H27)) | Y27: =IF(OR($H27="",W27=""),"",W27+(X27/$H27)) | AB27: =IF(OR($H27="",Z27=""),"",Z27+(AA27/$H27))
A28: 25 | S28: =IF(OR($H28="",Q28=""),"",Q28+(R28/$H28)) | V28: =IF(OR($H28="",T28=""),"",T28+(U28/$H28)) | Y28: =IF(OR($H28="",W28=""),"",W28+(X28/$H28)) | AB28: =IF(OR($H28="",Z28=""),"",Z28+(AA28/$H28))
A29: 26 | S29: =IF(OR($H29="",Q29=""),"",Q29+(R29/$H29)) | V29: =IF(OR($H29="",T29=""),"",T29+(U29/$H29)) | Y29: =IF(OR($H29="",W29=""),"",W29+(X29/$H29)) | AB29: =IF(OR($H29="",Z29=""),"",Z29+(AA29/$H29))
A30: 27 | S30: =IF(OR($H30="",Q30=""),"",Q30+(R30/$H30)) | V30: =IF(OR($H30="",T30=""),"",T30+(U30/$H30)) | Y30: =IF(OR($H30="",W30=""),"",W30+(X30/$H30)) | AB30: =IF(OR($H30="",Z30=""),"",Z30+(AA30/$H30))
... A1000: 997 | S1000: =IF(OR($H1000="",Q1000=""),"",Q1000+(R1000/$H1000)) | V1000: =IF(OR($H1000="",T1000=""),"",T1000+(U1000/$H1000)) | Y1000: =IF(OR($H1000="",W1000=""),"",W1000+(X1000/$H1000)) | AB1000: =IF(OR($H1000="",Z1000=""),"",Z1000+(AA1000/$H1000))

Sheet Adapter RFQ-Generator
C1: ='RFQ-Input'!G2 -> RFQ003
A2: Pos. | B2: Stücklistenebene | C2: P/N | D2: Artikelbezeichnung | E2: Vertragsmenge/ Anfragemenge | F2: Fertigungsmenge | G2: Abrufmenge | H2: Einheit
A3: 1 | C3: =INDEX('RFQ-Input'!C4:F16,MATCH($C$1,'RFQ-Input'!$C$4:$C$16,0),4) -> 333-1
A4: 2 | C4: =INDEX('RFQ-Input'!C5:F17,MATCH($C$1,'RFQ-Input'!$C$4:$C$16,0),4) -> 333-2
A5: 3 | C5: =INDEX('RFQ-Input'!C6:F18,MATCH($C$1,'RFQ-Input'!$C$4:$C$16,0),4) -> 555-1
A6: 4 | C6: =INDEX('RFQ-Input'!C7:F19,MATCH($C$1,'RFQ-Input'!$C$4:$C$16,0),4) -> 666-1
A7: 5 | C7: =INDEX('RFQ-Input'!C8:F20,MATCH($C$1,'RFQ-Input'!$C$4:$C$16,0),4) -> 777-1
A8: 6 | C8: =INDEX('RFQ-Input'!C9:F21,MATCH($C$1,'RFQ-Input'!$C$4:$C$16,0),4) -> 888-1
A9: 7 | C9: =INDEX('RFQ-Input'!C10:F22,MATCH($C$1,'RFQ-Input'!$C$4:$C$16,0),4) -> 888-2
A10: 8 | C10: =INDEX('RFQ-Input'!C11:F23,MATCH($C$1,'RFQ-Input'!$C$4:$C$16,0),4) -> 678-3
A11: 9 | C11: =INDEX('RFQ-Input'!C12:F24,MATCH($C$1,'RFQ-Input'!$C$4:$C$16,0),4) -> 0
A12: 10 | C12: =INDEX('RFQ-Input'!C13:F25,MATCH($C$1,'RFQ-Input'!$C$4:$C$16,0),4) -> 0
A13: 11 | C13: =INDEX('RFQ-Input'!C14:F26,MATCH($C$1,'RFQ-Input'!$C$4:$C$16,0),4) -> 0
A14: 12 | C14: =INDEX('RFQ-Input'!C15:F27,MATCH($C$1,'RFQ-Input'!$C$4:$C$16,0),4) -> 0
A15: 45
A16: 46
A17: 47
A18: 48
A19: 49
A20: 50
A21: 51
A22: 52
A23: 53
A24: 54
A25: 55
A26: 56
... A968: 998

Sheet RFQ-Supplier
A2: Nr. | B2: Lieferant | C2: Bemerkung
A3: 1 | B3: Vergleichspreis | C3: reserviert für Vergleichspreis
A4: 2 | B4: Lieferant 1
A5: 3 | B5: Lieferant 2
A6: 4 | B6: Lieferant 3
A7: 5 | B7: Lieferant 4

Sheet DropDown
B3: RFQ Nr.
B4: RFQ001
B5: RFQ002
B6: RFQ003
B7: RFQ004
B8: RFQ005
B9: RFQ006
B10: RFQ007
B11: RFQ008
B12: RFQ009
B13: RFQ010
B14: RFQ011
... B503: RFQ500
